insert into `tms`.`terminaltype` (`id`, `name`) values ('1', 'GPRS');
insert into `tms`.`terminaltype` (`id`, `name`) values ('2', 'Wifi');
insert into `tms`.`terminaltype` (`id`, `name`) values ('3', 'LAN');



insert into `tms`.`configparameter` (`version`, `id`, `availability`, `configName`,`configValue`) values ('1', '1', 'All', 'switchport', '1500');
insert into `tms`.`configparameter` (`version`, `id`, `availability`, `configName`, `configValue`) values ('1', '2', 'All', 'switchip','192.168.40.230');

insert into `tms`.`terminalgroup` (`id`, `name`, `active`, `dailyMessage`, `groupId`, `engineId`) values ('1', 'آزمایشی سمات', '1', 'به سوئیچ شرکت سمات خوش آمدید', '1', '1');

insert into `terminal` (`terminalNumber`, `status`, `active`, `startupDate`, `description`, `maxPasswordLength`, `lastVisit`, `nextVisit`, `merchantId`, `groupId`, `terminalTypeId`) values('1','LAN TEST','1','0',NULL,'4',NULL,NULL,'1','1','3');
insert into `terminal` (`terminalNumber`, `status`, `active`, `startupDate`, `description`, `maxPasswordLength`, `lastVisit`, `nextVisit`, `merchantId`, `groupId`, `terminalTypeId`) values('2','GPRS TEST','1','0',NULL,'4',NULL,NULL,'1','1','1');

insert into `tms`.`pos` (`id`, `serialNumber`, `assetNumber`, `terminalNumber`) values ('1', '60541800', '50265', '1');
insert into `tms`.`pos` (`id`, `serialNumber`, `assetNumber`, `terminalNumber`) values ('2', '60541043', '50266', '2');

insert into `plugintemplate` (`id`, `title`, `description`, `version`, `content`, `name`) values('1','ov6koQ==',NULL,'1','<plugin title=\'ov6koQ==\' name=\'payment\' version=\'10\'><sequence><label value=\'5vOT9Q==\' x=\'85\' y=\'20\' clear=\'yes\'/><input type=\'amount\' y=\'40\' x=\'10\' key=\'amount\' min=\'2\' max=\'10\'></input><label value=\'pPiT5KX1pA==\' x=\'60\' y=\'20\' clear=\'yes\'/><input type=\'password\' y=\'40\' x=\'10\' key=\'password\' min=\'4\' max=\'4\' dir=\'password\'></input><isomsg><set iso_index=\'0\' value=\'0200\'/><set iso_index=\'2\' key=\'cur_pan_number\'/><set iso_index=\'3\' value=\'0\'/><set iso_index=\'4\' key=\'amount\'/><set iso_index=\'11\' key=\'payment_no\'/><set iso_index=\'12\' key=\'time\'/><set iso_index=\'13\' key=\'date\'/><set iso_index=\'35\' key=\'cur_track2_data\'/><set iso_index=\'14\' key=\'cur_exp_date\'/><set iso_index=\'41\' key=\'posid\' dir=\'config\'/><set iso_index=\'42\' key=\'merchantid\' dir=\'config\'/><set iso_index=\'52\' key=\'password\' dir=\'password\'/><set iso_index=\'53\' key=\'success_payment_no\'/></isomsg><label value=\'r5GTl6SQ/KSQpOykkw==\' x=\'15\' y=\'30\' clear=\'yes\'/><image x=\'0\' type=\'printer\' path=\'bank\'/><text value=\'CQkJ9viR45cg+CD546j4lyDt95GT\'/><text value=\'Cg==\'/><text key=\'posid\' value=\'+feR/pGV+aSR9ao=\' dir=\'config\'/><text key=\'merchantid\' value=\'+aL3pP6jlfmkkfWq\' dir=\'config\'/><text key=\'acur_pan_number\' value=\'lqSR7vmkkfWq\'/><text key=\'payment_no\' value=\'/KT+8P6V+aSR9ao=\'/><text key=\'print_date\' value=\'oP6kkZc=\'/><text key=\'print_time\' value=\'luSRqA==\'/><text key=\'amount\' value=\'5vOT9Q==\' reverse=\'\'/><send><error><log title=\'unsuctrans\'><item key=\'acur_pan_number\'/><item key=\'amount\'/><item key=\'payment_no\'/><item key=\'print_time\'/><item key=\'print_date\'/></log><text value=\'CQkJCQmvkZOXpJAgpKIgka+h\'/><text value=\'CgoK\' /></error><success></success></send><label value=\'lpHk8q+QluqR/qSi\' x=\'15\' y=\'30\' clear=\'yes\'/><receive><error><text value=\'CQkJCQnr6vj1kfcgqffukKSX\'/><text value=\'CgoK\' /><log title=\'unsuctrans\'><item key=\'acur_pan_number\'/><item key=\'amount\'/><item key=\'payment_no\'/><item key=\'print_time\'/><item key=\'print_date\'/></log></error><success><log title=\'suctrans\'><item key=\'acur_pan_number\'/><item key=\'amount\'/><item key=\'payment_no\'/><item key=\'print_time\'/><item key=\'print_date\'/></log><text value=\'CQkJCQkJ6+r49SCp9+6QpJc=\'></text><text value=\'CgoK\' /><complete></complete></success></receive></sequence></plugin>','Payment');
insert into `plugintemplate` (`id`, `title`, `description`, `version`, `content`, `name`) values('2','6f7qoZk=',NULL,'1','<plugin title=\'6f7qoZk=\' name=\'loyalty\' version=\'2\'><sequence><label value=\'5vOT9Q==\' x=\'85\' y=\'20\' clear=\'yes\'/><input type=\'amount\' y=\'40\' x=\'10\' key=\'amount\' min=\'2\' max=\'10\'></input><label value=\'pPiT5KX1pA==\' x=\'60\' y=\'20\' clear=\'yes\'/><input y=\'40\' x=\'10\' min=\'4\' max=\'4\' dir=\'pin\'></input><!-- bad az gereftane etelaat iso message 0200 dorost mikonim --><isomsg><set iso_index=\'0\' value=\'0200\'/><set iso_index=\'2\' key=\'cur_pan_number\'/><set iso_index=\'3\' value=\'04\'/><set iso_index=\'4\' key=\'amount\'/><set iso_index=\'11\' key=\'payment_no\'/><set iso_index=\'12\' key=\'time\'/><set iso_index=\'13\' key=\'date\'/><set iso_index=\'35\' key=\'cur_track2_data\'/><set iso_index=\'14\' key=\'cur_exp_date\'/><set iso_index=\'41\' key=\'posid\' dir=\'config\'/><set iso_index=\'42\' key=\'merchantid\' dir=\'config\'/><set iso_index=\'52\' dir=\'pin\'/><set iso_index=\'53\' key=\'success_payment_no\'/></isomsg><label value=\'r5GTl6SQ/KSQpOykkw==\' x=\'15\' y=\'30\' clear=\'yes\'/><image x=\'0\' type=\'printer\' path=\'bank\'/><text value=\'ICAg9viR45cg+eOo+Jcg7feRkw==\'/><text value=\'Cg==\'/><text key=\'posid\' value=\'+feR/pGV+aSR9ao=\' dir=\'config\'/><text key=\'merchantid\' value=\'+aL3pP6jlfmkkfWq\' dir=\'config\'/><text key=\'acur_pan_number\' value=\'lqSR7vmkkfWq\'/><text key=\'payment_no\' value=\'/KT+8P6V+aSR9ao=\'/><text key=\'print_date\' value=\'oP6kkZc=\'/><text key=\'print_time\' value=\'luSRqA==\'/><send><error><log title=\'unsuctrans\'><item key=\'acur_pan_number\'/><item key=\'amount\'/><item key=\'payment_no\'/><item key=\'print_time\'/><item key=\'print_date\'/></log><text value=\'CQkJCQmvkZOXpJAgpKIgka+h\'/><text value=\'CgoK\' /></error><success></success></send><label value=\'lpHk8q+QluqR/qSi\' x=\'15\' y=\'30\' clear=\'yes\'/><receive><error><text value=\'CQkJCQnr6vj1kfcgqffukKSX\'/><text value=\'CgoK\' /><log title=\'unsuctrans\'><item key=\'acur_pan_number\'/><item key=\'amount\'/><item key=\'payment_no\'/><item key=\'print_time\'/><item key=\'print_date\'/></log></error><success><log title=\'suctrans\'><item key=\'acur_pan_number\'/><item key=\'amount\'/><item key=\'payment_no\'/><item key=\'print_time\'/><item key=\'print_date\'/></log><set key=\'amount\' iso_index=\'4\'/><set key=\'referrence_number\' iso_index=\'37\'/><text key=\'referrence_number\' value=\'4puk9fmkkfWq\'/><text key=\'amount\' value=\'5vOT9Q==\' reverse=\'\'/><text value=\'CQkJCQkJ6+r49SCp9+6QpJc=\'></text><text value=\'CgoK\' /><complete></complete></success></receive></sequence></plugin>','Loyalty');
insert into `plugintemplate` (`id`, `title`, `description`, `version`, `content`, `name`) values('3','pJH+9fs=',NULL,'1','<plugin title=\'pJH+9fs=\' name=\'Copen\' version=\'1.0.1\' type=\'customer\'><sequence><!-- yaroo etelaetesho vared mikone--><label value=\'9pX47vmkkfWq\' x=\'50\' y=\'20\' clear=\'yes\'/><input type=\'int\' y=\'40\' x=\'10\' key=\'copenid\' min=\'1\' max=\'4\'/><label value=\'/fP1+aSR9ao=\' x=\'60\' y=\'20\' clear=\'yes\'/><input type=\'int\' y=\'40\' x=\'10\' key=\'nid\' min=\'10\' max=\'10\'/><!-- bad az gereftane etelaat iso message 0200 dorost mikonim --><isomsg><set iso_index=\'0\' value=\'0200\'/><set iso_index=\'2\' key=\'cur_pan_number\'/><set iso_index=\'3\' value=\'2\'/><set iso_index=\'11\' key=\'payment_no\'/><set iso_index=\'12\' key=\'time\'/><set iso_index=\'13\' key=\'date\'/><set iso_index=\'35\' key=\'cur_track2_data\'/><set iso_index=\'14\' key=\'cur_exp_date\'/><set iso_index=\'41\' key=\'posid\' dir=\'config\'/><set iso_index=\'42\' key=\'merchantid\' dir=\'config\'/><set iso_index=\'53\' key=\'success_payment_no\'/><set iso_index=\'58\' key=\'copenid\'/><set iso_index=\'59\' key=\'nid\'/></isomsg><!-- minevisim dar hale ersal vase yaru etelaato print mikonim --><label value=\'r5GTl6SQ/KSQpOykkw==\' x=\'15\' y=\'30\' clear=\'yes\'/><image x=\'0\' type=\'printer\' path=\'bank\'/><text value=\'ICAg9viR45cg+eOo+Jcg7feRkw==\'/><text value=\'Cg==\'/><text key=\'posid\' value=\'+feR/pGV+aSR9ao=\' dir=\'config\'/><text key=\'merchantid\' value=\'+aL3pP6jlfmkkfWq\' dir=\'config\'/><text key=\'acur_pan_number\' value=\'lqSR7vmkkfWq\'/><text key=\'payment_no\' value=\'/KT+8P6V+aSR9ao=\'/><text key=\'copenid\' value=\'9pX47vmkkfWq\'/><text key=\'print_date\' value=\'oP6kkZc=\'/><text key=\'print_time\' value=\'luSRqA==\'/><!-- hala mifrestim iso message ro--><send><!-- age error dad !!tavajoh: Jalil goft age error bede kolan badesh plugin ham motevaqef mishe!! --><error><log title=\'unsuctrans\'><item key=\'acur_pan_number\'/><item key=\'amount\'/><item key=\'payment_no\'/><item key=\'print_time\'/><item key=\'print_date\'/></log><text value=\'CQkJCQmvkZOXpJAgpKIgka+h\'/><text value=\'CgoK\' /></error><!-- hala age ersale 0200 successful bood, tu success ke kari nemikonim, mizarim beeeeeere--><success/></send><!-- hala dar hale daryaftim --><label value=\'lpHk8q+QluqR/qSi\' x=\'15\' y=\'30\' clear=\'yes\'/><receive><!-- age error dad--><error><text value=\'CQkJCQnr6vj1kfcgqffukKSX\'/><text value=\'CgoK\' /><log title=\'unsuctrans\'><item key=\'acur_pan_number\'/><item key=\'amount\'/><item key=\'payment_no\'/><item key=\'print_time\'/><item key=\'print_date\'/></log></error><!-- age successful bood --><success><!-- ye seri field set mikonim --><set key=\'processid\' iso_index=\'3\'/><set key=\'amount\' iso_index=\'4\' /><set key=\'referrence_number\' iso_index=\'37\'/><!-- check mikonim: halati ke copen nadare asan --><check key=\'processid\' value=\'000000\'><log title=\'unsuctrans\'><item key=\'acur_pan_number\'/><item key=\'amount\'/><item key=\'payment_no\'/><item key=\'print_time\'/><item key=\'print_date\'/></log><text value=\'oqT+8P319+vz45eR9ar5k/aV+O72/pA=\' reverse=\'\'/><text value=\'CgoK\' /></check><!-- check mikonim: halati ke copenesho estefade karde --><check key=\'processid\' value=\'000001\'><log title=\'unsuctrans\'><item key=\'acur_pan_number\'/><item key=\'amount\'/><item key=\'payment_no\'/><item key=\'print_time\'/><item key=\'print_date\'/></log><text value=\'ICAg+aKq+ZfqpPD2lfju\' reverse=\'\'/><text value=\'CgoK\' /></check><!-- check mikonim: halati ke copen dare--><check key=\'processid\' value=\'000002\'><!-- vassash ye menu baz mikonim ke 2 ta item dare, ya naqdi pardakht mikone ya shetabi --><!-- fields moshtarako set mikopnim --><isomsg><set iso_index=\'0\' value=\'0200\'/><set iso_index=\'3\' value=\'2\'/><set iso_index=\'11\' key=\'payment_no\'/><set iso_index=\'12\' key=\'time\'/><set iso_index=\'13\' key=\'date\'/><set iso_index=\'37\' key=\'referrence_number\'/><set iso_index=\'41\' key=\'posid\' dir=\'config\'/><set iso_index=\'42\' key=\'merchantid\' dir=\'config\'/><set iso_index=\'58\' key=\'copenid\'/></isomsg><menu title=\'\'><!-- age mikhad naqdi bede --><item  title=\'/aLs9w==\'><!--fields naqdi ro por mikonim --><set iso_index=\'59\' value=\'1\'/><label value=\'r5GTl6SQ/KSQpOykkw==\' x=\'15\' y=\'30\' clear=\'yes\'/></item><!-- age mikhad shetabi bede --><item title=\'/ZORl6o=\'><!-- kart mikeshe ramz mizane --><label x =\'5\' y=\'30\' value=\'ov6q7pOQpJakke6R6q/z\' clear=\'yes\'/><input type=\'cartmagnet\'/><label value=\'pPiT5KX1pA==\' x=\'60\' y=\'20\' clear=\'yes\'/><input y=\'40\' x=\'10\' min=\'4\' max=\'4\' dir=\'pin\'/><!-- fields shetabi ro por mikonim --><set iso_index=\'2\' key=\'cur_pan_number\'/><set iso_index=\'14\' key=\'cur_exp_date\'/><set iso_index=\'35\' key=\'cur_track2_data\'/><set iso_index=\'52\' dir=\'pin\'/><set iso_index=\'59\' value=\'2\'/></item></menu><!-- dar hale barqarir ertebat :D --><label value=\'r5GTl6SQ/KSQpOykkw==\' x=\'15\' y=\'30\' clear=\'yes\'/>	<!-- 0220 mifrestim --><send><error><log title=\'unsuctrans\'><item key=\'acur_pan_number\'/><item key=\'amount\'/><item key=\'payment_no\'/><item key=\'print_time\'/><item key=\'print_date\'/></log><text value=\'CQkJCQmvkZOXpJAgpKIgka+h\'/><text value=\'CgoK\' /></error><success/></send><!-- javabe 0220 migirim --><label value=\'lpHk8q+QluqR/qSi\' x=\'15\' y=\'30\' clear=\'yes\'/><receive><!-- error dad ke bikhial --><error><text value=\'CQkJCQnr6vj1kfcgqffukKSX\'/><text value=\'CgoK\' /><log title=\'unsuctrans\'><item key=\'acur_pan_number\'/><item key=\'amount\'/><item key=\'payment_no\'/><item key=\'print_time\'/><item key=\'print_date\'/></log></error><!-- success shod : --><success><log title=\'suctrans\'><item key=\'acur_pan_number\'/><item key=\'amount\'/><item key=\'payment_no\'/><item key=\'print_time\'/><item key=\'print_date\'/></log><text key=\'amount\' value=\'5vOT9Q==\' reverse=\'\'/><text value=\'CQkJCQkJ6+r49SCp9+6QpJc=\'/><text value=\'CgoK\' /><complete/></success></receive></check></success></receive></sequence></plugin>','Coupon');


insert into `tms`.`plugin` (`id`, `pluginTemplateId`, `name`, `pluginValues`) values ('1', '1', 'Payment', NULL);
insert into `tms`.`plugin` (`id`, `pluginTemplateId`, `name`,`pluginValues`) values ('2', '2', 'Loyalty', NULL);
insert into `tms`.`plugin` (`id`, `pluginTemplateId`, `name`,`pluginValues`) values ('3', '3', 'Coupon', NULL);

insert into `tms`.`terminalgroup_plugin` (`id`, `terminalGroupId`, `pluginId`) values ('1', '1', '1');
insert into `tms`.`terminalgroup_plugin` (`id`, `terminalGroupId`, `pluginId`) values ('2', '1', '2');
insert into `tms`.`terminalgroup_plugin` (`id`, `terminalGroupId`, `pluginId`) values ('3', '1', '3');



insert into `tms`.`engine_plugintemplate` (`engineId`, `pluginTemplateId`, `id`) values ('1', '1', '1');
insert into `tms`.`engine_plugintemplate` (`engineId`, `pluginTemplateId`, `id`) values ('1', '2', '2');
insert into `tms`.`engine_plugintemplate` (`engineId`, `pluginTemplateId`, `id`) values ('1', '3', '3');

